<?xml version="1.0" encoding="utf-8"?>
<odoo>
    <data noupdate="1">
        <record id="op_admission_1" model="op.admission">
            <field name="title" ref="base.res_partner_title_miss"/>
            <field name="name">Sara S Dani</field>
            <field name="first_name">Sara</field>
            <field name="middle_name">S</field>
            <field name="last_name">Dani</field>
            <field name="gender">f</field>
            <field name="email">sarasdani@example.com</field>
            <field name="fees">100000.0</field>
            <field name="state">done</field>
            <field name="birth_date">1992-05-06</field>
            <field name="country_id" ref="base.us"/>
            <field name="student_id" ref="openeducat_core.op_student_1"/>
            <field name="course_id" ref="openeducat_core.op_course_2"/>
            <field name="batch_id" ref="openeducat_core.op_batch_1"/>
            <field name="fees_term_id" ref="openeducat_fees.op_fees_term_1"/>
            <field name="register_id" ref="op_admission_register_1"/>
            <field name="application_date" eval="DateTime.now()"/>
            <field name="admission_date" eval="DateTime.now()"/>
            <field name="image" type="base64"
                   file="openeducat_admission/static/img/student_1.jpg"/>
        </record>

        <record id="op_admission_2" model="op.admission">
            <field name="title" ref="base.res_partner_title_mister"/>
            <field name="name">Mark R Carter</field>
            <field name="first_name">Mark</field>
            <field name="middle_name">R</field>
            <field name="last_name">Carter</field>
            <field name="gender">m</field>
            <field name="email">markcarter@example.com</field>
            <field name="fees">100000.0</field>
            <field name="state">done</field>
            <field name="birth_date">1989-11-05</field>
            <field name="country_id" ref="base.us"/>
            <field name="student_id" ref="openeducat_core.op_student_2"/>
            <field name="course_id" ref="openeducat_core.op_course_2"/>
            <field name="batch_id" ref="openeducat_core.op_batch_1"/>
            <field name="fees_term_id" ref="openeducat_fees.op_fees_term_1"/>
            <field name="register_id" ref="op_admission_register_1"/>
            <field name="application_date" eval="DateTime.now()"/>
            <field name="admission_date" eval="DateTime.now()"/>
            <field name="image" type="base64"
                   file="openeducat_admission/static/img/student_2.jpg"/>
        </record>

        <record id="op_admission_3" model="op.admission">
            <field name="title" ref="base.res_partner_title_miss"/>
            <field name="name">Mitzi R Russell</field>
            <field name="first_name">Mitzi</field>
            <field name="middle_name">R</field>
            <field name="last_name">Russell</field>
            <field name="gender">f</field>
            <field name="email">mitzirussell@example.com</field>
            <field name="fees">100000.0</field>
            <field name="state">done</field>
            <field name="birth_date">1991-03-12</field>
            <field name="country_id" ref="base.us"/>
            <field name="student_id" ref="openeducat_core.op_student_3"/>
            <field name="course_id" ref="openeducat_core.op_course_2"/>
            <field name="batch_id" ref="openeducat_core.op_batch_1"/>
            <field name="fees_term_id" ref="openeducat_fees.op_fees_term_1"/>
            <field name="register_id" ref="op_admission_register_1"/>
            <field name="application_date" eval="DateTime.now()"/>
            <field name="admission_date" eval="DateTime.now()"/>
            <field name="image" type="base64"
                   file="openeducat_admission/static/img/student_3.jpg"/>
        </record>

        <record id="op_admission_4" model="op.admission">
            <field name="title" ref="base.res_partner_title_mister"/>
            <field name="name">Michael S Dani</field>
            <field name="first_name">Michael</field>
            <field name="middle_name">S</field>
            <field name="last_name">Dani</field>
            <field name="gender">m</field>
            <field name="email">michaeldani@example.com</field>
            <field name="fees">100000.0</field>
            <field name="state">done</field>
            <field name="birth_date">1991-05-16</field>
            <field name="country_id" ref="base.be"/>
            <field name="student_id" ref="openeducat_core.op_student_4"/>
            <field name="course_id" ref="openeducat_core.op_course_17"/>
            <field name="batch_id" ref="openeducat_core.op_batch_16"/>
            <field name="fees_term_id" ref="openeducat_fees.op_fees_term_1"/>
            <field name="register_id" ref="op_admission_register_15"/>
            <field name="application_date" eval="DateTime.now()"/>
            <field name="admission_date" eval="DateTime.now()"/>
            <field name="image" type="base64"
                   file="openeducat_admission/static/img/student_4.jpg"/>
        </record>

        <record id="op_admission_5" model="op.admission">
            <field name="title" ref="base.res_partner_title_mister"/>
            <field name="name">Lukas Simon</field>
            <field name="first_name">Lukas</field>
            <field name="middle_name"></field>
            <field name="last_name">Simon</field>
            <field name="gender">m</field>
            <field name="email">lukassimon@example.com</field>
            <field name="fees">100000.0</field>
            <field name="state">done</field>
            <field name="birth_date">1991-09-12</field>
            <field name="country_id" ref="base.be"/>
            <field name="student_id" ref="openeducat_core.op_student_5"/>
            <field name="course_id" ref="openeducat_core.op_course_3"/>
            <field name="batch_id" ref="openeducat_core.op_batch_2"/>
            <field name="fees_term_id" ref="openeducat_fees.op_fees_term_1"/>
            <field name="register_id" ref="op_admission_register_7"/>
            <field name="application_date" eval="DateTime.now()"/>
            <field name="admission_date" eval="DateTime.now()"/>
            <field name="image" type="base64"
                   file="openeducat_admission/static/img/student_5.jpg"/>
        </record>

        <record id="op_admission_6" model="op.admission">
            <field name="title" ref="base.res_partner_title_mister"/>
            <field name="name">Jack S Peeters</field>
            <field name="first_name">Jack</field>
            <field name="middle_name">S</field>
            <field name="last_name">Peeters</field>
            <field name="gender">m</field>
            <field name="email">jackpeeters@example.com</field>
            <field name="fees">100000.0</field>
            <field name="state">done</field>
            <field name="birth_date">1990-12-12</field>
            <field name="country_id" ref="base.es"/>
            <field name="student_id" ref="openeducat_core.op_student_6"/>
            <field name="course_id" ref="openeducat_core.op_course_9"/>
            <field name="batch_id" ref="openeducat_core.op_batch_8"/>
            <field name="fees_term_id" ref="openeducat_fees.op_fees_term_1"/>
            <field name="register_id" ref="op_admission_register_12"/>
            <field name="application_date" eval="DateTime.now()"/>
            <field name="admission_date" eval="DateTime.now()"/>
            <field name="image" type="base64"
                   file="openeducat_admission/static/img/student_6.jpg"/>
        </record>

        <record id="op_admission_7" model="op.admission">
            <field name="title" ref="base.res_partner_title_miss"/>
            <field name="name">Ruby J Moore</field>
            <field name="first_name">Ruby</field>
            <field name="middle_name">J</field>
            <field name="last_name">Moore</field>
            <field name="gender">f</field>
            <field name="email">rubymoore@example.com</field>
            <field name="fees">100000.0</field>
            <field name="state">done</field>
            <field name="birth_date">1990-09-01</field>
            <field name="country_id" ref="base.es"/>
            <field name="student_id" ref="openeducat_core.op_student_7"/>
            <field name="course_id" ref="openeducat_core.op_course_16"/>
            <field name="batch_id" ref="openeducat_core.op_batch_15"/>
            <field name="fees_term_id" ref="openeducat_fees.op_fees_term_1"/>
            <field name="register_id" ref="op_admission_register_10"/>
            <field name="application_date" eval="DateTime.now()"/>
            <field name="admission_date" eval="DateTime.now()"/>
            <field name="image" type="base64"
                   file="openeducat_admission/static/img/student_7.jpg"/>
        </record>

        <record id="op_admission_8" model="op.admission">
            <field name="title" ref="base.res_partner_title_mister"/>
            <field name="name">David A Smith</field>
            <field name="first_name">David</field>
            <field name="middle_name">A</field>
            <field name="last_name">Smith</field>
            <field name="gender">m</field>
            <field name="email">davidsmith@example.com</field>
            <field name="fees">100000.0</field>
            <field name="state">done</field>
            <field name="birth_date">1990-06-10</field>
            <field name="country_id" ref="base.de"/>
            <field name="student_id" ref="openeducat_core.op_student_8"/>
            <field name="course_id" ref="openeducat_core.op_course_3"/>
            <field name="batch_id" ref="openeducat_core.op_batch_2"/>
            <field name="fees_term_id" ref="openeducat_fees.op_fees_term_1"/>
            <field name="register_id" ref="op_admission_register_7"/>
            <field name="application_date" eval="DateTime.now()"/>
            <field name="admission_date" eval="DateTime.now()"/>
            <field name="image" type="base64"
                   file="openeducat_admission/static/img/student_8.jpg"/>
        </record>

        <record id="op_admission_9" model="op.admission">
            <field name="title" ref="base.res_partner_title_mister"/>
            <field name="name">Eric A Brown</field>
            <field name="first_name">Eric</field>
            <field name="middle_name">A</field>
            <field name="last_name">Brown</field>
            <field name="gender">f</field>
            <field name="email">ericbrown@example.com</field>
            <field name="fees">80000.0</field>
            <field name="state">done</field>
            <field name="birth_date">1992-05-12</field>
            <field name="country_id" ref="base.de"/>
            <field name="student_id" ref="openeducat_core.op_student_9"/>
            <field name="course_id" ref="openeducat_core.op_course_25"/>
            <field name="batch_id" ref="openeducat_core.op_batch_14"/>
            <field name="fees_term_id" ref="openeducat_fees.op_fees_term_2"/>
            <field name="register_id" ref="op_admission_register_14"/>
            <field name="application_date" eval="DateTime.now()"/>
            <field name="admission_date" eval="DateTime.now()"/>
            <field name="image" type="base64"
                   file="openeducat_admission/static/img/student_9.jpg"/>
        </record>

        <record id="op_admission_10" model="op.admission">
            <field name="title" ref="base.res_partner_title_mister"/>
            <field name="name">Alex Johnson</field>
            <field name="first_name">Alex</field>
            <field name="middle_name"></field>
            <field name="last_name">Johnson</field>
            <field name="gender">m</field>
            <field name="email">alexjohnson@example.com</field>
            <field name="fees">80000.0</field>
            <field name="state">done</field>
            <field name="birth_date">1989-09-30</field>
            <field name="country_id" ref="base.in"/>
            <field name="student_id" ref="openeducat_core.op_student_10"/>
            <field name="course_id" ref="openeducat_core.op_course_4"/>
            <field name="batch_id" ref="openeducat_core.op_batch_3"/>
            <field name="fees_term_id" ref="openeducat_fees.op_fees_term_2"/>
            <field name="register_id" ref="op_admission_register_2"/>
            <field name="application_date" eval="DateTime.now()"/>
            <field name="admission_date" eval="DateTime.now()"/>
            <field name="image" type="base64"
                   file="openeducat_admission/static/img/student_10.jpg"/>
        </record>

        <record id="op_admission_11" model="op.admission">
            <field name="title" ref="base.res_partner_title_mister"/>
            <field name="name">Ahmed Malik</field>
            <field name="first_name">Ahmed</field>
            <field name="middle_name"></field>
            <field name="last_name">Malik</field>
            <field name="gender">m</field>
            <field name="email">ahmedmalik@example.com</field>
            <field name="fees">80000.0</field>
            <field name="state">done</field>
            <field name="birth_date">1990-07-12</field>
            <field name="country_id" ref="base.us"/>
            <field name="student_id" ref="openeducat_core.op_student_11"/>
            <field name="course_id" ref="openeducat_core.op_course_4"/>
            <field name="batch_id" ref="openeducat_core.op_batch_3"/>
            <field name="fees_term_id" ref="openeducat_fees.op_fees_term_2"/>
            <field name="register_id" ref="op_admission_register_2"/>
            <field name="application_date" eval="DateTime.now()"/>
            <field name="admission_date" eval="DateTime.now()"/>
            <field name="image" type="base64"
                   file="openeducat_admission/static/img/student_11.jpg"/>
        </record>

        <record id="op_admission_12" model="op.admission">
            <field name="title" ref="base.res_partner_title_mister"/>
            <field name="name">James Wilson</field>
            <field name="first_name">James</field>
            <field name="middle_name"></field>
            <field name="last_name">Wilson</field>
            <field name="gender">m</field>
            <field name="email">jameswilson@example.com</field>
            <field name="fees">80000.0</field>
            <field name="state">done</field>
            <field name="birth_date">1991-12-03</field>
            <field name="country_id" ref="base.us"/>
            <field name="student_id" ref="openeducat_core.op_student_12"/>
            <field name="course_id" ref="openeducat_core.op_course_4"/>
            <field name="batch_id" ref="openeducat_core.op_batch_3"/>
            <field name="fees_term_id" ref="openeducat_fees.op_fees_term_2"/>
            <field name="register_id" ref="op_admission_register_2"/>
            <field name="application_date" eval="DateTime.now()"/>
            <field name="admission_date" eval="DateTime.now()"/>
            <field name="image" type="base64"
                   file="openeducat_admission/static/img/student_12.jpg"/>
        </record>

        <record id="op_admission_13" model="op.admission">
            <field name="title" ref="base.res_partner_title_miss"/>
            <field name="name">Lily Andrew</field>
            <field name="first_name">Lily</field>
            <field name="middle_name"></field>
            <field name="last_name">Andrew</field>
            <field name="gender">f</field>
            <field name="email">lilyandrew@example.com</field>
            <field name="fees">30000.0</field>
            <field name="state">done</field>
            <field name="birth_date">1990-07-02</field>
            <field name="country_id" ref="base.us"/>
            <field name="student_id" ref="openeducat_core.op_student_13"/>
            <field name="course_id" ref="openeducat_core.op_course_5"/>
            <field name="batch_id" ref="openeducat_core.op_batch_4"/>
            <field name="fees_term_id" ref="openeducat_fees.op_fees_term_3"/>
            <field name="register_id" ref="op_admission_register_3"/>
            <field name="application_date" eval="DateTime.now()"/>
            <field name="admission_date" eval="DateTime.now()"/>
            <field name="image" type="base64"
                   file="openeducat_admission/static/img/student_13.jpg"/>
        </record>

        <record id="op_admission_14" model="op.admission">
            <field name="title" ref="base.res_partner_title_mister"/>
            <field name="name">Robert M Stevens</field>
            <field name="first_name">Robert</field>
            <field name="middle_name">M</field>
            <field name="last_name">Stevens</field>
            <field name="gender">m</field>
            <field name="email">robertstevens@example.com</field>
            <field name="fees">30000.0</field>
            <field name="state">done</field>
            <field name="birth_date">1991-03-18</field>
            <field name="country_id" ref="base.be"/>
            <field name="student_id" ref="openeducat_core.op_student_14"/>
            <field name="course_id" ref="openeducat_core.op_course_5"/>
            <field name="batch_id" ref="openeducat_core.op_batch_4"/>
            <field name="fees_term_id" ref="openeducat_fees.op_fees_term_3"/>
            <field name="register_id" ref="op_admission_register_3"/>
            <field name="application_date" eval="DateTime.now()"/>
            <field name="admission_date" eval="DateTime.now()"/>
            <field name="image" type="base64"
                   file="openeducat_admission/static/img/student_14.jpg"/>
        </record>

        <record id="op_admission_15" model="op.admission">
            <field name="title" ref="base.res_partner_title_miss"/>
            <field name="name">Thomas B Flynn</field>
            <field name="first_name">Thomas</field>
            <field name="middle_name">B</field>
            <field name="last_name">Flynn</field>
            <field name="gender">m</field>
            <field name="email">thomasflynn@example.com</field>
            <field name="fees">30000.0</field>
            <field name="state">done</field>
            <field name="birth_date">1991-11-02</field>
            <field name="country_id" ref="base.br"/>
            <field name="student_id" ref="openeducat_core.op_student_15"/>
            <field name="course_id" ref="openeducat_core.op_course_5"/>
            <field name="batch_id" ref="openeducat_core.op_batch_5"/>
            <field name="fees_term_id" ref="openeducat_fees.op_fees_term_3"/>
            <field name="register_id" ref="op_admission_register_3"/>
            <field name="application_date" eval="DateTime.now()"/>
            <field name="admission_date" eval="DateTime.now()"/>
            <field name="image" type="base64"
                   file="openeducat_admission/static/img/student_15.jpg"/>
        </record>

        <record id="op_admission_16" model="op.admission">
            <field name="title" ref="base.res_partner_title_miss"/>
            <field name="name">Nora R Jones</field>
            <field name="first_name">Nora</field>
            <field name="middle_name">R</field>
            <field name="last_name">Jones</field>
            <field name="gender">f</field>
            <field name="email">norajones@example.com</field>
            <field name="fees">30000.0</field>
            <field name="state">done</field>
            <field name="birth_date">2003-01-06</field>
            <field name="country_id" ref="base.br"/>
            <field name="student_id" ref="openeducat_core.op_student_16"/>
            <field name="course_id" ref="openeducat_core.op_course_12"/>
            <field name="batch_id" ref="openeducat_core.op_batch_11"/>
            <field name="fees_term_id" ref="openeducat_fees.op_fees_term_2"/>
            <field name="register_id" ref="op_admission_register_9"/>
            <field name="application_date" eval="DateTime.now()"/>
            <field name="admission_date" eval="DateTime.now()"/>
            <field name="image" type="base64"
                   file="openeducat_admission/static/img/student_16.jpg"/>
        </record>

        <record id="op_admission_17" model="op.admission">
            <field name="title" ref="base.res_partner_title_miss"/>
            <field name="name">Anna Taylor</field>
            <field name="first_name">Anna</field>
            <field name="middle_name"></field>
            <field name="last_name">Taylor</field>
            <field name="gender">f</field>
            <field name="email">annataylor@example.com</field>
            <field name="fees">20000.0</field>
            <field name="state">done</field>
            <field name="birth_date">2003-12-03</field>
            <field name="country_id" ref="base.de"/>
            <field name="student_id" ref="openeducat_core.op_student_17"/>
            <field name="course_id" ref="openeducat_core.op_course_6"/>
            <field name="batch_id" ref="openeducat_core.op_batch_6"/>
            <field name="fees_term_id" ref="openeducat_fees.op_fees_term_3"/>
            <field name="register_id" ref="op_admission_register_4"/>
            <field name="application_date" eval="DateTime.now()"/>
            <field name="admission_date" eval="DateTime.now()"/>
            <field name="image" type="base64"
                   file="openeducat_admission/static/img/student_17.jpg"/>
        </record>

        <record id="op_admission_18" model="op.admission">
            <field name="title" ref="base.res_partner_title_miss"/>
            <field name="name">Sophia Martin</field>
            <field name="first_name">Sophia</field>
            <field name="middle_name"></field>
            <field name="last_name">Martin</field>
            <field name="gender">f</field>
            <field name="email">sophiamartin@example.com</field>
            <field name="fees">20000.0</field>
            <field name="state">done</field>
            <field name="birth_date">2003-12-03</field>
            <field name="country_id" ref="base.fr"/>
            <field name="student_id" ref="openeducat_core.op_student_18"/>
            <field name="course_id" ref="openeducat_core.op_course_6"/>
            <field name="batch_id" ref="openeducat_core.op_batch_6"/>
            <field name="fees_term_id" ref="openeducat_fees.op_fees_term_3"/>
            <field name="register_id" ref="op_admission_register_4"/>
            <field name="application_date" eval="DateTime.now()"/>
            <field name="admission_date" eval="DateTime.now()"/>
            <field name="image" type="base64"
                   file="openeducat_admission/static/img/student_18.jpg"/>
        </record>

        <record id="op_admission_19" model="op.admission">
            <field name="title" ref="base.res_partner_title_mister"/>
            <field name="name">Patrick Richard</field>
            <field name="first_name">Patrick</field>
            <field name="middle_name"></field>
            <field name="last_name">Richard</field>
            <field name="gender">m</field>
            <field name="email">patrickrichard@example.com</field>
            <field name="fees">20000.0</field>
            <field name="state">done</field>
            <field name="birth_date">2002-03-05</field>
            <field name="country_id" ref="base.fr"/>
            <field name="student_id" ref="openeducat_core.op_student_19"/>
            <field name="course_id" ref="openeducat_core.op_course_6"/>
            <field name="batch_id" ref="openeducat_core.op_batch_6"/>
            <field name="fees_term_id" ref="openeducat_fees.op_fees_term_3"/>
            <field name="register_id" ref="op_admission_register_4"/>
            <field name="application_date" eval="DateTime.now()"/>
            <field name="admission_date" eval="DateTime.now()"/>
            <field name="image" type="base64"
                   file="openeducat_admission/static/img/student_19.jpg"/>
        </record>

        <record id="op_admission_20" model="op.admission">
            <field name="title" ref="base.res_partner_title_mister"/>
            <field name="name">Abdul Hajjar</field>
            <field name="first_name">Abdul</field>
            <field name="middle_name"></field>
            <field name="last_name">Hajjar</field>
            <field name="gender">m</field>
            <field name="email">abdulhajjar@example.com</field>
            <field name="fees">20000.0</field>
            <field name="state">draft</field>
            <field name="birth_date">2003-09-04</field>
            <field name="country_id" ref="base.fr"/>
            <field name="student_id" ref="openeducat_core.op_student_20"/>
            <field name="course_id" ref="openeducat_core.op_course_6"/>
            <field name="batch_id" ref="openeducat_core.op_batch_6"/>
            <field name="fees_term_id" ref="openeducat_fees.op_fees_term_3"/>
            <field name="register_id" ref="op_admission_register_4"/>
            <field name="application_date" eval="DateTime.now()"/>
            <field name="admission_date" eval="DateTime.now()"/>
            <field name="image" type="base64"
                   file="openeducat_admission/static/img/student_20.jpg"/>
        </record>

        <record id="op_admission_21" model="op.admission">
            <field name="title" ref="base.res_partner_title_mister"/>
            <field name="name">Paul M Scott</field>
            <field name="first_name">Paul</field>
            <field name="middle_name">M</field>
            <field name="last_name">Scott</field>
            <field name="gender">m</field>
            <field name="email">paulscott@example.com</field>
            <field name="fees">20000.0</field>
            <field name="state">draft</field>
            <field name="birth_date">1998-06-20</field>
            <field name="country_id" ref="base.za"/>
            <field name="student_id" ref="openeducat_core.op_student_21"/>
            <field name="course_id" ref="openeducat_core.op_course_6"/>
            <field name="batch_id" ref="openeducat_core.op_batch_6"/>
            <field name="fees_term_id" ref="openeducat_fees.op_fees_term_3"/>
            <field name="register_id" ref="op_admission_register_4"/>
            <field name="application_date" eval="DateTime.now()"/>
            <field name="admission_date" eval="DateTime.now()"/>
            <field name="image" type="base64"
                   file="openeducat_admission/static/img/student_21.jpg"/>
        </record>

        <record id="op_admission_22" model="op.admission">
            <field name="title" ref="base.res_partner_title_mister"/>
            <field name="name">Victor A Jacobs</field>
            <field name="first_name">Victor</field>
            <field name="middle_name">A</field>
            <field name="last_name">Jacobs</field>
            <field name="gender">m</field>
            <field name="email">victorjacobs@example.com</field>
            <field name="fees">20000.0</field>
            <field name="state">done</field>
            <field name="birth_date">2002-01-10</field>
            <field name="country_id" ref="base.za"/>
            <field name="student_id" ref="openeducat_core.op_student_22"/>
            <field name="course_id" ref="openeducat_core.op_course_11"/>
            <field name="batch_id" ref="openeducat_core.op_batch_10"/>
            <field name="fees_term_id" ref="openeducat_fees.op_fees_term_2"/>
            <field name="register_id" ref="op_admission_register_8"/>
            <field name="application_date" eval="DateTime.now()"/>
            <field name="admission_date" eval="DateTime.now()"/>
             <field name="image" type="base64"
                   file="openeducat_core/static/img/student_22.jpg"/>
        </record>

        <record id="op_admission_23" model="op.admission">
            <field name="title" ref="base.res_partner_title_miss"/>
            <field name="name">Maria J Swartz</field>
            <field name="first_name">Maria</field>
            <field name="middle_name">J</field>
            <field name="last_name">Swartz</field>
            <field name="gender">f</field>
            <field name="email">mariaswartz@example.com</field>
            <field name="fees">20000.0</field>
            <field name="state">done</field>
            <field name="birth_date">1996-05-02</field>
            <field name="country_id" ref="base.za"/>
            <field name="student_id" ref="openeducat_core.op_student_23"/>
            <field name="course_id" ref="openeducat_core.op_course_11"/>
            <field name="batch_id" ref="openeducat_core.op_batch_10"/>
            <field name="fees_term_id" ref="openeducat_fees.op_fees_term_2"/>
            <field name="register_id" ref="op_admission_register_8"/>
            <field name="application_date" eval="DateTime.now()"/>
            <field name="admission_date" eval="DateTime.now()"/>
            <field name="image" type="base64"
                   file="openeducat_core/static/img/student_23.jpg"/>
        </record>
        <record id="op_admission_24" model="op.admission">
            <field name="title" ref="base.res_partner_title_mister"/>
            <field name="name">Charles Miller</field>
            <field name="first_name">Charles</field>
            <field name="middle_name"></field>
            <field name="last_name">Miller</field>
            <field name="gender">m</field>
            <field name="email">charlesmiller@example.com</field>
            <field name="fees">20000.0</field>
            <field name="state">done</field>
            <field name="birth_date">2003-12-18</field>
            <field name="country_id" ref="base.dk"/>
            <field name="student_id" ref="openeducat_core.op_student_24"/>
            <field name="course_id" ref="openeducat_core.op_course_24"/>
            <field name="batch_id" ref="openeducat_core.op_batch_13"/>
            <field name="fees_term_id" ref="openeducat_fees.op_fees_term_2"/>
            <field name="register_id" ref="op_admission_register_13"/>
            <field name="application_date" eval="DateTime.now()"/>
            <field name="admission_date" eval="DateTime.now()"/>
            <field name="image" type="base64"
                   file="openeducat_core/static/img/student_24.jpg"/>
        </record>
        <record id="op_admission_25" model="op.admission">
            <field name="title" ref="base.res_partner_title_miss"/>
            <field name="name">Kate Anderson</field>
            <field name="first_name">Kate</field>
            <field name="middle_name"></field>
            <field name="last_name">Anderson</field>
            <field name="gender">f</field>
            <field name="email">kateanderson@example.com</field>
            <field name="fees">20000.0</field>
            <field name="state">done</field>
            <field name="birth_date">1992-07-25</field>
            <field name="country_id" ref="base.ca"/>
            <field name="student_id" ref="openeducat_core.op_student_25"/>
            <field name="course_id" ref="openeducat_core.op_course_12"/>
            <field name="batch_id" ref="openeducat_core.op_batch_11"/>
            <field name="fees_term_id" ref="openeducat_fees.op_fees_term_2"/>
            <field name="register_id" ref="op_admission_register_9"/>
            <field name="application_date" eval="DateTime.now()"/>
            <field name="admission_date" eval="DateTime.now()"/>
            <field name="image" type="base64"
                   file="openeducat_core/static/img/student_25.jpg"/>
        </record>

         <record id="op_admission_26" model="op.admission">
            <field name="title" ref="base.res_partner_title_miss"/>
            <field name="name">Sara S Dani</field>
            <field name="first_name">Sara</field>
            <field name="middle_name">S</field>
            <field name="last_name">Dani</field>
            <field name="gender">f</field>
            <field name="email">sarasdani@example.com</field>
            <field name="fees">100000.0</field>
            <field name="state">done</field>
            <field name="birth_date">1992-05-06</field>
            <field name="country_id" ref="base.us"/>
            <field name="student_id" ref="openeducat_core.op_student_1"/>
            <field name="course_id" ref="openeducat_core.op_course_23"/>
            <field name="batch_id" ref="openeducat_core.op_batch_12"/>
            <field name="fees_term_id" ref="openeducat_fees.op_fees_term_1"/>
            <field name="register_id" ref="op_admission_register_5"/>
            <field name="application_date" eval="DateTime.now()"/>
            <field name="admission_date" eval="DateTime.now()"/>
            <field name="image" type="base64"
                   file="openeducat_admission/static/img/student_1.jpg"/>
        </record>
         <record id="op_admission_27" model="op.admission">
            <field name="title" ref="base.res_partner_title_mister"/>
            <field name="name">Mark R Carter</field>
            <field name="first_name">Mark</field>
            <field name="middle_name">R</field>
            <field name="last_name">Carter</field>
            <field name="gender">m</field>
            <field name="email">markcarter@example.com</field>
            <field name="fees">100000.0</field>
            <field name="state">done</field>
            <field name="birth_date">1989-11-05</field>
            <field name="country_id" ref="base.us"/>
            <field name="student_id" ref="openeducat_core.op_student_2"/>
            <field name="course_id" ref="openeducat_core.op_course_23"/>
            <field name="batch_id" ref="openeducat_core.op_batch_12"/>
            <field name="fees_term_id" ref="openeducat_fees.op_fees_term_1"/>
            <field name="register_id" ref="op_admission_register_5"/>
            <field name="application_date" eval="DateTime.now()"/>
            <field name="admission_date" eval="DateTime.now()"/>
            <field name="image" type="base64"
                   file="openeducat_admission/static/img/student_2.jpg"/>
        </record>

         <record id="op_admission_28" model="op.admission">
            <field name="title" ref="base.res_partner_title_mister"/>
            <field name="name">Lukas Simon</field>
            <field name="first_name">Lukas</field>
            <field name="middle_name"></field>
            <field name="last_name">Simon</field>
            <field name="gender">m</field>
            <field name="email">lukassimon@example.com</field>
            <field name="fees">100000.0</field>
            <field name="state">done</field>
            <field name="birth_date">1991-09-12</field>
            <field name="country_id" ref="base.be"/>
            <field name="student_id" ref="openeducat_core.op_student_5"/>
            <field name="course_id" ref="openeducat_core.op_course_8"/>
            <field name="batch_id" ref="openeducat_core.op_batch_7"/>
            <field name="fees_term_id" ref="openeducat_fees.op_fees_term_1"/>
            <field name="register_id" ref="op_admission_register_6"/>
            <field name="application_date" eval="DateTime.now()"/>
            <field name="admission_date" eval="DateTime.now()"/>
            <field name="image" type="base64"
                   file="openeducat_admission/static/img/student_5.jpg"/>
        </record>

         <record id="op_admission_29" model="op.admission">
            <field name="title" ref="base.res_partner_title_mister"/>
            <field name="name">Jack S Peeters</field>
            <field name="first_name">Jack</field>
            <field name="middle_name">S</field>
            <field name="last_name">Peeters</field>
            <field name="gender">m</field>
            <field name="email">jackpeeters@example.com</field>
            <field name="fees">100000.0</field>
            <field name="state">done</field>
            <field name="birth_date">1990-12-12</field>
            <field name="country_id" ref="base.es"/>
            <field name="student_id" ref="openeducat_core.op_student_6"/>
            <field name="course_id" ref="openeducat_core.op_course_8"/>
            <field name="batch_id" ref="openeducat_core.op_batch_7"/>
            <field name="fees_term_id" ref="openeducat_fees.op_fees_term_1"/>
            <field name="register_id" ref="op_admission_register_6"/>
            <field name="application_date" eval="DateTime.now()"/>
            <field name="admission_date" eval="DateTime.now()"/>
            <field name="image" type="base64"
                   file="openeducat_admission/static/img/student_6.jpg"/>
        </record>

        <record id="openeducat_core.op_user_faculty" model="res.users">
            <field name="groups_id"
            eval="[(4,ref('openeducat_admission.group_op_admission_user'))]"/>
        </record>
    </data>
</odoo>
