<?xml version="1.0" encoding="utf-8"?>
<odoo>
    <data noupdate="1">
        <record id="op_admission_register_1" model="op.admission.register">
            <field name="name">Course-Sem-1</field>
            <field name="min_count">10</field>
            <field name="max_count">50</field>
            <field name="state">application</field>
            <field name="start_date" eval="DateTime.now()"/>
            <field name="end_date" eval="DateTime.now() + relativedelta(days=30)"/>
            <field name="course_id" ref="openeducat_core.op_course_2"/>
            <field name="product_id" ref="openeducat_fees.op_product_1"/>
        </record>

        <record id="op_admission_register_2" model="op.admission.register">
            <field name="name">Course-Computer</field>
            <field name="min_count">10</field>
            <field name="max_count">50</field>
            <field name="state">done</field>
            <field name="start_date" eval="DateTime.now()"/>
            <field name="end_date" eval="DateTime.now() + relativedelta(days=30)"/>
            <field name="course_id" ref="openeducat_core.op_course_4"/>
            <field name="product_id" ref="openeducat_fees.op_product_3"/>
        </record>

        <record id="op_admission_register_3" model="op.admission.register">
            <field name="name">Course-Civil</field>
            <field name="min_count">10</field>
            <field name="max_count">50</field>
            <field name="state">done</field>
            <field name="start_date" eval="DateTime.now()"/>
            <field name="end_date" eval="DateTime.now() + relativedelta(days=30)"/>
            <field name="course_id" ref="openeducat_core.op_course_5"/>
            <field name="product_id" ref="openeducat_fees.op_product_5"/>
        </record>

        <record id="op_admission_register_4" model="op.admission.register">
            <field name="name">Course-Chemical</field>
            <field name="min_count">10</field>
            <field name="max_count">50</field>
            <field name="state">done</field>
            <field name="start_date" eval="DateTime.now()"/>
            <field name="end_date" eval="DateTime.now() + relativedelta(days=30)"/>
            <field name="course_id" ref="openeducat_core.op_course_6"/>
            <field name="product_id" ref="openeducat_fees.op_product_6"/>
        </record>

        <record id="op_admission_register_5" model="op.admission.register">
            <field name="name">Course-Financial Services Law</field>
            <field name="min_count">10</field>
            <field name="max_count">50</field>
            <field name="state">done</field>
            <field name="start_date" eval="DateTime.now()"/>
            <field name="end_date" eval="DateTime.now() + relativedelta(days=30)"/>
            <field name="course_id" ref="openeducat_core.op_course_23"/>
            <field name="product_id" ref="openeducat_fees.op_product_6"/>
        </record>
        <record id="op_admission_register_6" model="op.admission.register">
            <field name="name">Course-Business Management</field>
            <field name="min_count">10</field>
            <field name="max_count">50</field>
            <field name="state">done</field>
            <field name="start_date" eval="DateTime.now()"/>
            <field name="end_date" eval="DateTime.now() + relativedelta(days=30)"/>
            <field name="course_id" ref="openeducat_core.op_course_8"/>
            <field name="product_id" ref="openeducat_fees.op_product_6"/>
        </record>

        <record id="op_admission_register_7" model="op.admission.register">
            <field name="name">Course-Sem-2</field>
            <field name="min_count">10</field>
            <field name="max_count">50</field>
            <field name="state">application</field>
            <field name="start_date" eval="DateTime.now()"/>
            <field name="end_date" eval="DateTime.now() + relativedelta(days=30)"/>
            <field name="course_id" ref="openeducat_core.op_course_3"/>
            <field name="product_id" ref="openeducat_fees.op_product_1"/>
        </record>
        <record id="op_admission_register_8" model="op.admission.register">
            <field name="name">Course-Data Science</field>
            <field name="min_count">10</field>
            <field name="max_count">50</field>
            <field name="state">done</field>
            <field name="start_date" eval="DateTime.now()"/>
            <field name="end_date" eval="DateTime.now() + relativedelta(days=30)"/>
            <field name="course_id" ref="openeducat_core.op_course_11"/>
            <field name="product_id" ref="openeducat_fees.op_product_1"/>
        </record>
        <record id="op_admission_register_9" model="op.admission.register">
            <field name="name">Course-Data Analyst</field>
            <field name="min_count">10</field>
            <field name="max_count">50</field>
            <field name="state">done</field>
            <field name="start_date" eval="DateTime.now()"/>
            <field name="end_date" eval="DateTime.now() + relativedelta(days=30)"/>
            <field name="course_id" ref="openeducat_core.op_course_12"/>
            <field name="product_id" ref="openeducat_fees.op_product_1"/>
        </record>
        <record id="op_admission_register_10" model="op.admission.register">
            <field name="name">Course-Bachelor Medicine</field>
            <field name="min_count">10</field>
            <field name="max_count">50</field>
            <field name="state">done</field>
            <field name="start_date" eval="DateTime.now()"/>
            <field name="end_date" eval="DateTime.now() + relativedelta(days=30)"/>
            <field name="course_id" ref="openeducat_core.op_course_16"/>
            <field name="product_id" ref="openeducat_fees.op_product_1"/>
        </record>

        <record id="op_admission_register_12" model="op.admission.register">
            <field name="name">Course-Management Studies</field>
            <field name="min_count">10</field>
            <field name="max_count">50</field>
            <field name="state">done</field>
            <field name="start_date" eval="DateTime.now()"/>
            <field name="end_date" eval="DateTime.now() + relativedelta(days=30)"/>
            <field name="course_id" ref="openeducat_core.op_course_9"/>
            <field name="product_id" ref="openeducat_fees.op_product_6"/>
        </record>
        <record id="op_admission_register_13" model="op.admission.register">
            <field name="name">Course-Healthcare Law</field>
            <field name="min_count">10</field>
            <field name="max_count">50</field>
            <field name="state">done</field>
            <field name="start_date" eval="DateTime.now()"/>
            <field name="end_date" eval="DateTime.now() + relativedelta(days=30)"/>
            <field name="course_id" ref="openeducat_core.op_course_24"/>
            <field name="product_id" ref="openeducat_fees.op_product_6"/>
        </record>
        <record id="op_admission_register_14" model="op.admission.register">
            <field name="name">Course-Sports Law</field>
            <field name="min_count">10</field>
            <field name="max_count">50</field>
            <field name="state">done</field>
            <field name="start_date" eval="DateTime.now()"/>
            <field name="end_date" eval="DateTime.now() + relativedelta(days=30)"/>
            <field name="course_id" ref="openeducat_core.op_course_25"/>
            <field name="product_id" ref="openeducat_fees.op_product_6"/>
        </record>
        <record id="op_admission_register_15" model="op.admission.register">
            <field name="name">Course-Physiotherapy</field>
            <field name="min_count">10</field>
            <field name="max_count">50</field>
            <field name="state">done</field>
            <field name="start_date" eval="DateTime.now()"/>
            <field name="end_date" eval="DateTime.now() + relativedelta(days=30)"/>
            <field name="course_id" ref="openeducat_core.op_course_17"/>
            <field name="product_id" ref="openeducat_fees.op_product_6"/>
        </record>
    </data>
</odoo>
