<?xml version="1.0" encoding="utf-8"?>
<odoo>
    <data noupdate="1">
        <record id="openeducat_core.op_batch_1" model="op.batch">
            <field name="code">boas1</field>
            <field name="name">BOA-S1</field>
            <field name="start_date"
                   eval="(DateTime.today() - relativedelta(years=1)).strftime('%Y-06-02 %H:%M')"/>
            <field name="end_date"
                   eval="(DateTime.today() + relativedelta(years=2)).strftime('%Y-06-02 %H:%M')"/>
            <field name="course_id" ref="op_course_2"/>
        </record>
        <record id="openeducat_core.op_batch_2" model="op.batch">
            <field name="code">boas2</field>
            <field name="name">BOA-S2</field>
            <field name="start_date"
                   eval="(DateTime.today() - relativedelta(years=1)).strftime('%Y-06-02 %H:%M')"/>
            <field name="end_date"
                   eval="(DateTime.today() + relativedelta(years=2)).strftime('%Y-06-02 %H:%M')"/>
            <field name="course_id" ref="op_course_3"/>
        </record>
        <record id="openeducat_core.op_batch_3" model="op.batch">
            <field name="code">COMP-01</field>
            <field name="name">COMP Batch</field>
            <field name="start_date"
                   eval="(DateTime.today() - relativedelta(years=1)).strftime('%Y-06-05 %H:%M')"/>
            <field name="end_date"
                   eval="(DateTime.today() + relativedelta(years=2)).strftime('%Y-06-05 %H:%M')"/>
            <field name="course_id" ref="op_course_4"/>
        </record>
        <record id="openeducat_core.op_batch_4" model="op.batch">
            <field name="code">CIVIL-01</field>
            <field name="name">CIVIL Batch 1</field>
            <field name="start_date"
                   eval="(DateTime.today() - relativedelta(years=1)).strftime('%Y-06-11 %H:%M')"/>
            <field name="end_date"
                   eval="(DateTime.today() + relativedelta(years=2)).strftime('%Y-06-11 %H:%M')"/>
            <field name="course_id" ref="op_course_5"/>
        </record>
        <record id="openeducat_core.op_batch_5" model="op.batch">
            <field name="code">CIVIL-02</field>
            <field name="name">Civil Batch 2</field>
            <field name="start_date"
                   eval="(DateTime.today() - relativedelta(years=1)).strftime('%Y-06-01 %H:%M')"/>
            <field name="end_date"
                   eval="(DateTime.today() + relativedelta(years=2)).strftime('%Y-06-01 %H:%M')"/>
            <field name="course_id" ref="op_course_5"/>
        </record>
        <record id="openeducat_core.op_batch_6" model="op.batch">
            <field name="code">CHEM-01</field>
            <field name="name">CHEM Batch</field>
            <field name="start_date"
                   eval="(DateTime.today() - relativedelta(years=1)).strftime('%Y-06-12 %H:%M')"/>
            <field name="end_date"
                   eval="(DateTime.today() + relativedelta(years=2)).strftime('%Y-06-12 %H:%M')"/>
            <field name="course_id" ref="op_course_6"/>
        </record>
        <record id="op_batch_7" model="op.batch">
            <field name="code">BBM-01</field>
            <field name="name">BBM Batch</field>
            <field name="start_date"
                   eval="(DateTime.today() - relativedelta(years=1)).strftime('%Y-05-02 %H:%M')"/>
            <field name="end_date"
                   eval="(DateTime.today() + relativedelta(years=2)).strftime('%Y-06-02 %H:%M')"/>
            <field name="course_id" ref="op_course_8"/>
        </record>
        <record id="op_batch_8" model="op.batch">
            <field name="code">BMS-01</field>
            <field name="name">BMS Batch</field>
            <field name="start_date"
                   eval="(DateTime.today() - relativedelta(years=1)).strftime('%Y-06-12 %H:%M')"/>
            <field name="end_date"
                   eval="(DateTime.today() + relativedelta(years=2)).strftime('%Y-06-12 %H:%M')"/>
            <field name="course_id" ref="op_course_9"/>
        </record>
        <record id="op_batch_9" model="op.batch">
            <field name="code">MBA-01</field>
            <field name="name">MBA Batch</field>
            <field name="start_date"
                   eval="(DateTime.today() - relativedelta(years=1)).strftime('%Y-03-03 %H:%M')"/>
            <field name="end_date"
                   eval="(DateTime.today() + relativedelta(years=2)).strftime('%Y-03-03 %H:%M')"/>
            <field name="course_id" ref="op_course_10"/>
        </record>
        <record id="op_batch_10" model="op.batch">
            <field name="code">DS-01</field>
            <field name="name">DS Batch</field>
            <field name="start_date"
                   eval="(DateTime.today() - relativedelta(years=1)).strftime('%Y-04-05 %H:%M')"/>
            <field name="end_date"
                   eval="(DateTime.today() + relativedelta(years=2)).strftime('%Y-04-05 %H:%M')"/>
            <field name="course_id" ref="op_course_11"/>
        </record>
        <record id="op_batch_11" model="op.batch">
            <field name="code">DA-01</field>
            <field name="name">DA Batch</field>
            <field name="start_date"
                   eval="(DateTime.today() - relativedelta(years=1)).strftime('%Y-06-04 %H:%M')"/>
            <field name="end_date"
                   eval="(DateTime.today() + relativedelta(years=2)).strftime('%Y-06-04 %H:%M')"/>
            <field name="course_id" ref="op_course_12"/>
        </record>
       <record id="op_batch_12" model="op.batch">
            <field name="code">DL-01</field>
            <field name="name">FSL Batch</field>
            <field name="start_date"
                   eval="(DateTime.today() - relativedelta(years=1)).strftime('%Y-06-04 %H:%M')"/>
            <field name="end_date"
                   eval="(DateTime.today() + relativedelta(years=2)).strftime('%Y-06-04 %H:%M')"/>
            <field name="course_id" ref="op_course_23"/>
       </record>
       <record id="op_batch_13" model="op.batch">
            <field name="code">HL-01</field>
            <field name="name">HL Batch</field>
            <field name="start_date"
                   eval="(DateTime.today() - relativedelta(years=1)).strftime('%Y-06-04 %H:%M')"/>
            <field name="end_date"
                   eval="(DateTime.today() + relativedelta(years=2)).strftime('%Y-06-04 %H:%M')"/>
            <field name="course_id" ref="op_course_24"/>
       </record>
       <record id="op_batch_14" model="op.batch">
            <field name="code">SL-01</field>
            <field name="name">SL Batch</field>
            <field name="start_date"
                   eval="(DateTime.today() - relativedelta(years=1)).strftime('%Y-06-04 %H:%M')"/>
            <field name="end_date"
                   eval="(DateTime.today() + relativedelta(years=2)).strftime('%Y-06-04 %H:%M')"/>
            <field name="course_id" ref="op_course_25"/>
       </record>
        <record id="op_batch_15" model="op.batch">
            <field name="code">MBBS-01</field>
            <field name="name">MBBS Batch</field>
            <field name="start_date"
                   eval="(DateTime.today() - relativedelta(years=1)).strftime('%Y-06-04 %H:%M')"/>
            <field name="end_date"
                   eval="(DateTime.today() + relativedelta(years=2)).strftime('%Y-06-04 %H:%M')"/>
            <field name="course_id" ref="op_course_16"/>
       </record>
        <record id="op_batch_16" model="op.batch">
            <field name="code">BPT-01</field>
            <field name="name">BPT Batch</field>
            <field name="start_date"
                   eval="(DateTime.today() - relativedelta(years=1)).strftime('%Y-06-04 %H:%M')"/>
            <field name="end_date"
                   eval="(DateTime.today() + relativedelta(years=2)).strftime('%Y-06-04 %H:%M')"/>
            <field name="course_id" ref="op_course_17"/>
       </record>
    </data>
</odoo>
