<?xml version="1.0" encoding="utf-8"?>
<odoo>
    <data noupdate="1">
        <record id="op_department_1" model="op.department">
            <field name="name">Department of Business Law</field>
            <field name="code">D1</field>
        </record>

        <record id="op_department_2" model="op.department">
            <field name="name">Department of Science</field>
            <field name="code">D2</field>
        </record>

        <record id="op_department_3" model="op.department">
            <field name="name">Department of Accounts</field>
            <field name="code">D3</field>
        </record>

        <record id="op_department_4" model="op.department">
            <field name="name">Department of Management and Marketing</field>
            <field name="code">D4</field>
        </record>
    </data>
</odoo>