<?xml version="1.0" encoding="utf-8"?>
<odoo>
    <data noupdate="1">
        <record id="op_faculty_1" model="op.faculty">
            <field name="title" ref="base.res_partner_title_mister"/>
            <field name="name">Andre Santos</field>
            <field name="first_name">Andre</field>
            <field name="middle_name"></field>
            <field name="last_name">Santos</field>
            <field name="gender">male</field>
            <field name="birth_date">1983-02-01</field>
            <field name="blood_group">B+</field>
            <field name="email">andresantos@example.com</field>
            <field name="city"></field>
            <field name="country_id" ref="base.br"/>
            <field name="nationality" ref="base.br"/>
            <field name="type">contact</field>
            <field name="active">True</field>
            <field name="partner_id" ref="op_res_partner_21"/>
            <field name="image_1920" type="base64"
                   file="openeducat_core/static/img/faculty_1.jpg"/>
            <field name="main_department_id" ref="openeducat_core.op_department_3"/>
            <!-- <field name="allowed_department_ids" -->
                   <!-- eval="[(4,ref('openeducat_core.op_department_3'))]"/> -->
            <field name="faculty_subject_ids"
               eval="[(4,ref('openeducat_core.op_subject_2')),(4,ref('openeducat_core.op_subject_21'))]"/>
        </record>

        <record id="op_faculty_2" model="op.faculty">
            <field name="title" ref="base.res_partner_title_mister"/>
            <field name="name">Fahad Juhani</field>
            <field name="first_name">Fahad</field>
            <field name="middle_name"></field>
            <field name="last_name">Juhani</field>
            <field name="gender">male</field>
            <field name="birth_date">1993-02-05</field>
            <field name="blood_group">O+</field>
            <field name="email">fahadjuhani@example.com</field>
            <field name="city"></field>
            <field name="country_id" ref="base.sa"/>
            <field name="nationality" ref="base.sa"/>
            <field name="type">contact</field>
            <field name="active">True</field>
            <field name="partner_id" ref="op_res_partner_22"/>
            <field name="image_1920" type="base64"
                   file="openeducat_core/static/img/faculty_2.jpg"/>
            <field name="main_department_id" ref="openeducat_core.op_department_3"/>
            <!-- <field name="allowed_department_ids" -->
                   <!-- eval="[(4,ref('openeducat_core.op_department_3'))]"/> -->
            <field name="faculty_subject_ids" eval="[(4,ref('openeducat_core.op_subject_4')),(4,ref('openeducat_core.op_subject_3'))]"/>
        </record>

        <record id="op_faculty_3" model="op.faculty">
            <field name="title" ref="base.res_partner_title_miss"/>
            <field name="name">Harvey J Moore</field>
            <field name="first_name">Harvey</field>
            <field name="middle_name">J</field>
            <field name="last_name">Moore</field>
            <field name="gender">male</field>
            <field name="birth_date">1982-09-04</field>
            <field name="blood_group">A-</field>
            <field name="email">harveymoore@example.com</field>
            <field name="city"></field>
            <field name="country_id" ref="base.dk"/>
            <field name="nationality" ref="base.dk"/>
            <field name="type">contact</field>
            <field name="active">True</field>
            <field name="partner_id" ref="op_res_partner_23"/>
            <field name="image_1920" type="base64"
                   file="openeducat_core/static/img/faculty_3.jpg"/>
            <field name="main_department_id" ref="openeducat_core.op_department_3"/>
            <!-- <field name="allowed_department_ids" -->
                   <!-- eval="[(4,ref('openeducat_core.op_department_3'))]"/> -->
            <field name="faculty_subject_ids" eval="[(4,ref('openeducat_core.op_subject_5')),(4,ref('openeducat_core.op_subject_6'))]"/>
        </record>

        <record id="op_faculty_4" model="op.faculty">
            <field name="title" ref="base.res_partner_title_miss"/>
            <field name="name">Marie C Daniel</field>
            <field name="first_name">Marie</field>
            <field name="middle_name">C</field>
            <field name="last_name">Daniel</field>
            <field name="gender">female</field>
            <field name="birth_date">1984-06-04</field>
            <field name="blood_group">A+</field>
            <field name="email">mariedaniel@example.com</field>
            <field name="city"></field>
            <field name="country_id" ref="base.nz"/>
            <field name="nationality" ref="base.nz"/>
            <field name="type">contact</field>
            <field name="active">True</field>
            <field name="partner_id" ref="op_res_partner_24"/>
            <field name="image_1920" type="base64"
                   file="openeducat_core/static/img/faculty_4.jpg"/>
            <field name="main_department_id" ref="openeducat_core.op_department_3"/>
            <!-- <field name="allowed_department_ids" -->
                   <!-- eval="[(4,ref('openeducat_core.op_department_3'))]"/> -->
            <field name="faculty_subject_ids" eval="[(4,ref('openeducat_core.op_subject_8')),(4,ref('openeducat_core.op_subject_7'))]"/>
        </record>

        <record id="op_faculty_5" model="op.faculty">
            <field name="title" ref="base.res_partner_title_mister"/>
            <field name="name">John N Bencher</field>
            <field name="first_name">John</field>
            <field name="middle_name">N</field>
            <field name="last_name">Bencher</field>
            <field name="gender">male</field>
            <field name="birth_date">1982-08-09</field>
            <field name="blood_group">O+</field>
            <field name="email">johnbencher@example.com</field>
            <field name="city"></field>
            <field name="country_id" ref="base.de"/>
            <field name="nationality" ref="base.de"/>
            <field name="type">contact</field>
            <field name="active">True</field>
            <field name="partner_id" ref="op_res_partner_25"/>
            <field name="image_1920" type="base64"
                   file="openeducat_core/static/img/faculty_5.jpg"/>
            <field name="main_department_id" ref="openeducat_core.op_department_3"/>
            <!-- <field name="allowed_department_ids" -->
                   <!-- eval="[(4,ref('openeducat_core.op_department_3'))]"/> -->
            <field name="faculty_subject_ids" eval="[(4,ref('openeducat_core.op_subject_10')),(4,ref('openeducat_core.op_subject_9')),(4,ref('openeducat_core.op_subject_69')),(4,ref('openeducat_core.op_subject_70'))]"/>
        </record>

        <record id="op_faculty_6" model="op.faculty">
            <field name="title" ref="base.res_partner_title_miss"/>
            <field name="name">Ana M Thomas</field>
            <field name="first_name">Ana</field>
            <field name="middle_name">M</field>
            <field name="last_name">Thomas</field>
            <field name="gender">female</field>
            <field name="birth_date">1980-09-05</field>
            <field name="blood_group">B+</field>
            <field name="email">anathomas@example.com</field>
            <field name="city"></field>
            <field name="country_id" ref="base.br"/>
            <field name="nationality" ref="base.br"/>
            <field name="type">contact</field>
            <field name="active">True</field>
            <field name="partner_id" ref="op_res_partner_26"/>
            <field name="image_1920" type="base64"
                   file="openeducat_core/static/img/faculty_6.jpg"/>
            <field name="main_department_id" ref="openeducat_core.op_department_3"/>
            <!-- <field name="allowed_department_ids" -->
                   <!-- eval="[(4,ref('openeducat_core.op_department_3'))]"/> -->
            <field name="faculty_subject_ids" eval="[(4,ref('openeducat_core.op_subject_11')),(4,ref('openeducat_core.op_subject_12'))]"/>
        </record>

        <record id="op_faculty_7" model="op.faculty">
            <field name="title" ref="base.res_partner_title_mister"/>
            <field name="name">Samuel G Harris</field>
            <field name="first_name">Samuel</field>
            <field name="middle_name">G</field>
            <field name="last_name">Harris</field>
            <field name="gender">male</field>
            <field name="birth_date">1985-06-17</field>
            <field name="blood_group">A-</field>
            <field name="email">samuelharris@example.com</field>
            <field name="city"></field>
            <field name="country_id" ref="base.fi"/>
            <field name="nationality" ref="base.fi"/>
            <field name="type">contact</field>
            <field name="active">True</field>
            <field name="partner_id" ref="op_res_partner_27"/>
            <field name="image_1920" type="base64"
                   file="openeducat_core/static/img/faculty_7.jpg"/>
            <field name="main_department_id" ref="openeducat_core.op_department_3"/>
            <!-- <field name="allowed_department_ids" -->
                   <!-- eval="[(4,ref('openeducat_core.op_department_3'))]"/> -->
            <field name="faculty_subject_ids" eval="[(4,ref('openeducat_core.op_subject_13')),(4,ref('openeducat_core.op_subject_14'))]"/>
        </record>

        <record id="op_faculty_8" model="op.faculty">
            <field name="title" ref="base.res_partner_title_mister"/>
            <field name="name">Mark L Marshall</field>
            <field name="first_name">Mark</field>
            <field name="middle_name">L</field>
            <field name="last_name">Marshall</field>
            <field name="gender">male</field>
            <field name="birth_date">1987-08-04</field>
            <field name="blood_group">B+</field>
            <field name="email">markmarshall@example.com</field>
            <field name="city"></field>
            <field name="country_id" ref="base.za"/>
            <field name="nationality" ref="base.za"/>
            <field name="type">contact</field>
            <field name="active">True</field>
            <field name="partner_id" ref="op_res_partner_28"/>
            <field name="image_1920" type="base64"
                   file="openeducat_core/static/img/faculty_8.jpg"/>
            <field name="main_department_id" ref="openeducat_core.op_department_3"/>
            <!-- <field name="allowed_department_ids" -->
                   <!-- eval="[(4,ref('openeducat_core.op_department_3'))]"/> -->
            <field name="faculty_subject_ids" eval="[(4,ref('openeducat_core.op_subject_15')),(4,ref('openeducat_core.op_subject_16')),(4,ref('openeducat_core.op_subject_71')),(4,ref('openeducat_core.op_subject_72'))]"/>
        </record>

        <record id="op_faculty_9" model="op.faculty">
            <field name="title" ref="base.res_partner_title_miss"/>
            <field name="name">Marcia R Castro</field>
            <field name="first_name">Marcia</field>
            <field name="middle_name">R</field>
            <field name="last_name">Castro</field>
            <field name="gender">female</field>
            <field name="birth_date">1982-04-06</field>
            <field name="blood_group">B-</field>
            <field name="email">marciacastro@example.com</field>
            <field name="city"></field>
            <field name="country_id" ref="base.be"/>
            <field name="nationality" ref="base.be"/>
            <field name="type">contact</field>
            <field name="active">True</field>
            <field name="partner_id" ref="op_res_partner_29"/>
            <field name="image_1920" type="base64"
                   file="openeducat_core/static/img/faculty_9.jpg"/>
            <field name="main_department_id" ref="openeducat_core.op_department_3"/>
            <!-- <field name="allowed_department_ids" -->
                   <!-- eval="[(4,ref('openeducat_core.op_department_3'))]"/> -->
            <field name="faculty_subject_ids" eval="[(4,ref('openeducat_core.op_subject_17')),(4,ref('openeducat_core.op_subject_18')),(4,ref('openeducat_core.op_subject_73')),(4,ref('openeducat_core.op_subject_74'))]"/>
        </record>

        <record id="op_faculty_10" model="op.faculty">
            <field name="title" ref="base.res_partner_title_miss"/>
            <field name="name">Fatima Mubarak</field>
            <field name="first_name">Fatima</field>
            <field name="middle_name"></field>
            <field name="last_name">Mubarak</field>
            <field name="gender">female</field>
            <field name="birth_date">1981-03-15</field>
            <field name="blood_group">A-</field>
            <field name="email">fatimamubarak@example.com</field>
            <field name="city"></field>
            <field name="country_id" ref="base.sa"/>
            <field name="nationality" ref="base.sa"/>
            <field name="type">contact</field>
            <field name="active">True</field>
            <field name="partner_id" ref="op_res_partner_30"/>
            <field name="image_1920" type="base64"
                   file="openeducat_core/static/img/faculty_10.jpg"/>
            <field name="main_department_id" ref="openeducat_core.op_department_3"/>
            <!-- <field name="allowed_department_ids" -->
                   <!-- eval="[(4,ref('openeducat_core.op_department_3'))]"/> -->
            <field name="faculty_subject_ids" eval="[(4,ref('openeducat_core.op_subject_19')),(4,ref('openeducat_core.op_subject_20'))]"/>
        </record>

        <record id="op_faculty_11" model="op.faculty">
            <field name="title" ref="base.res_partner_title_miss"/>
            <field name="name">Sana Rashid</field>
            <field name="first_name">Sana</field>
            <field name="middle_name"></field>
            <field name="last_name">Rashid</field>
            <field name="gender">female</field>
            <field name="birth_date">1978-05-21</field>
            <field name="blood_group">B+</field>
            <field name="email">sanarashid@example.com</field>
            <field name="city"></field>
            <field name="country_id" ref="base.sa"/>
            <field name="nationality" ref="base.sa"/>
            <field name="type">contact</field>
            <field name="active">True</field>
            <field name="partner_id" ref="op_res_partner_38"/>
            <field name="image_1920" type="base64"
                   file="openeducat_core/static/img/faculty_11.jpg"/>
            <field name="main_department_id" ref="openeducat_core.op_department_3"/>
            <!-- <field name="allowed_department_ids" -->
                   <!-- eval="[(4,ref('openeducat_core.op_department_3'))]"/> -->
            <field name="faculty_subject_ids" eval="[(4,ref('openeducat_core.op_subject_21')),(4,ref('openeducat_core.op_subject_22'))]"/>
        </record>

        <record id="op_faculty_12" model="op.faculty">
            <field name="title" ref="base.res_partner_title_miss"/>
            <field name="name">Julie M Wilson</field>
            <field name="first_name">Julie</field>
            <field name="middle_name">M</field>
            <field name="last_name">Wilson</field>
            <field name="gender">female</field>
            <field name="birth_date">1983-08-24</field>
            <field name="blood_group">A+</field>
            <field name="email">juliewilson@example.com</field>
            <field name="city"></field>
            <field name="country_id" ref="base.dk"/>
            <field name="nationality" ref="base.dk"/>
            <field name="type">contact</field>
            <field name="active">True</field>
            <field name="partner_id" ref="op_res_partner_39"/>
            <field name="image_1920" type="base64"
                   file="openeducat_core/static/img/faculty_12.jpg"/>
            <field name="main_department_id" ref="openeducat_core.op_department_3"/>
            <!-- <field name="allowed_department_ids" -->
                   <!-- eval="[(4,ref('openeducat_core.op_department_3'))]"/> -->
            <field name="faculty_subject_ids" eval="[(4,ref('openeducat_core.op_subject_23')),(4,ref('openeducat_core.op_subject_24'))]"/>
        </record>

        <record id="op_faculty_13" model="op.faculty">
            <field name="title" ref="base.res_partner_title_mister"/>
            <field name="name">Bob V Cooper</field>
            <field name="first_name">Bob</field>
            <field name="middle_name">V</field>
            <field name="last_name">Cooper</field>
            <field name="gender">male</field>
            <field name="birth_date">1986-03-07</field>
            <field name="blood_group">AB+</field>
            <field name="email">bobcooper@example.com</field>
            <field name="city"></field>
            <field name="country_id" ref="base.nz"/>
            <field name="nationality" ref="base.nz"/>
            <field name="type">contact</field>
            <field name="active">True</field>
            <field name="partner_id" ref="op_res_partner_40"/>
            <field name="image_1920" type="base64"
                   file="openeducat_core/static/img/faculty_13.jpg"/>
            <field name="main_department_id" ref="openeducat_core.op_department_3"/>
            <!-- <field name="allowed_department_ids" -->
                   <!-- eval="[(4,ref('openeducat_core.op_department_3'))]"/> -->
            <field name="faculty_subject_ids" eval="[(4,ref('openeducat_core.op_subject_25')),(4,ref('openeducat_core.op_subject_26'))]"/>
        </record>

        <record id="op_faculty_14" model="op.faculty">
            <field name="title" ref="base.res_partner_title_miss"/>
            <field name="name">Lisa Brown</field>
            <field name="first_name">Lisa</field>
            <field name="middle_name"></field>
            <field name="last_name">Brown</field>
            <field name="gender">female</field>
            <field name="birth_date">1979-02-22</field>
            <field name="blood_group">A-</field>
            <field name="email">lisabrown@example.com</field>
            <field name="city"></field>
            <field name="country_id" ref="base.de"/>
            <field name="nationality" ref="base.de"/>
            <field name="type">contact</field>
            <field name="active">True</field>
            <field name="partner_id" ref="op_res_partner_41"/>
            <field name="image_1920" type="base64"
                   file="openeducat_core/static/img/faculty_14.jpg"/>
            <field name="main_department_id" ref="openeducat_core.op_department_3"/>
            <!-- <field name="allowed_department_ids" -->
                   <!-- eval="[(4,ref('openeducat_core.op_department_3'))]"/> -->
            <field name="faculty_subject_ids" eval="[(4,ref('openeducat_core.op_subject_28')),(4,ref('openeducat_core.op_subject_27'))]"/>
        </record>

        <record id="op_faculty_15" model="op.faculty">
            <field name="title" ref="base.res_partner_title_miss"/>
            <field name="name">Sheryl R Woods</field>
            <field name="first_name">Sheryl</field>
            <field name="middle_name">R</field>
            <field name="last_name">Woods</field>
            <field name="gender">female</field>
            <field name="birth_date">1984-01-30</field>
            <field name="blood_group">B+</field>
            <field name="email">sherylwoods@example.com</field>
            <field name="city"></field>
            <field name="country_id" ref="base.fi"/>
            <field name="nationality" ref="base.fi"/>
            <field name="type">contact</field>
            <field name="active">True</field>
            <field name="partner_id" ref="op_res_partner_42"/>
            <field name="image_1920" type="base64"
                   file="openeducat_core/static/img/faculty_15.jpg"/>
            <field name="main_department_id" ref="openeducat_core.op_department_3"/>
            <!-- <field name="allowed_department_ids" -->
                   <!-- eval="[(4,ref('openeducat_core.op_department_3'))]"/> -->
            <field name="faculty_subject_ids" eval="[(4,ref('openeducat_core.op_subject_29')),(4,ref('openeducat_core.op_subject_30'))]"/>
        </record>
    </data>
</odoo>
