<?xml version="1.0" encoding="utf-8"?>
<odoo>
    <data noupdate="1">
        <record id="openeducat_core.op_subject_1" model="op.subject">
            <field name="code">BOA1-001</field>
            <field name="name">Financial Accounting</field>
            <field name="type">theory</field>
            <field name="department_id" ref="openeducat_core.op_department_3"/>
        </record>
        <record id="openeducat_core.op_subject_2" model="op.subject">
            <field name="code">BOA1-002</field>
            <field name="name">Taxation</field>
            <field name="type">theory</field>
            <field name="department_id" ref="openeducat_core.op_department_3"/>
        </record>
        <record id="openeducat_core.op_subject_3" model="op.subject">
            <field name="code">BOA1-003</field>
            <field name="name">Law &amp; Ethics</field>
            <field name="type">theory</field>
            <field name="department_id" ref="openeducat_core.op_department_3"/>
        </record>
        <record id="openeducat_core.op_subject_4" model="op.subject">
            <field name="code">BOA1-004</field>
            <field name="name">Business Management</field>
            <field name="type">theory</field>
            <field name="department_id" ref="openeducat_core.op_department_3"/>
        </record>
        <record id="openeducat_core.op_subject_5" model="op.subject">
            <field name="code">BOA2-001</field>
            <field name="name">Advanced Financial Accounting</field>
            <field name="type">theory</field>
            <field name="department_id" ref="openeducat_core.op_department_3"/>
        </record>
        <record id="openeducat_core.op_subject_6" model="op.subject">
            <field name="code">BOA2-002</field>
            <field name="name">Advanced Taxation</field>
            <field name="type">theory</field>
            <field name="department_id" ref="openeducat_core.op_department_3"/>
        </record>
        <record id="openeducat_core.op_subject_7" model="op.subject">
            <field name="code">BOA2-003</field>
            <field name="name">Management Accounting</field>
            <field name="type">theory</field>
            <field name="department_id" ref="openeducat_core.op_department_3"/>
        </record>
        <record id="openeducat_core.op_subject_8" model="op.subject">
            <field name="code">BOA2-004</field>
            <field name="name">Integrated Accounting Systems</field>
            <field name="type">theory</field>
            <field name="department_id" ref="openeducat_core.op_department_3"/>
        </record>
        <record id="openeducat_core.op_subject_9" model="op.subject">
            <field name="code">DSA-9</field>
            <field name="name">Data Structure and Algorithm</field>
            <field name="type">theory</field>
            <field name="subject_type">elective</field>
        </record>
        <record id="openeducat_core.op_subject_10" model="op.subject">
            <field name="code">WD-10</field>
            <field name="name">Web Development</field>
            <field name="type">theory</field>
        </record>
        <record id="openeducat_core.op_subject_11" model="op.subject">
            <field name="code">JP-11</field>
            <field name="name">Java Programming</field>
            <field name="type">theory</field>
            <field name="department_id" ref="openeducat_core.op_department_2"/>

        </record>
        <record id="openeducat_core.op_subject_12" model="op.subject">
            <field name="code">PP-12</field>
            <field name="name">Python Programming</field>
            <field name="type">theory</field>
            <field name="subject_type">compulsory</field>
            <field name="department_id" ref="openeducat_core.op_department_2"/>

        </record>
        <record id="openeducat_core.op_subject_13" model="op.subject">
            <field name="code">SS-13</field>
            <field name="name">Design of Steel Structures</field>
            <field name="type">theory</field>
            <field name="subject_type">compulsory</field>
            <field name="department_id" ref="openeducat_core.op_department_2"/>
        </record>
        <record id="openeducat_core.op_subject_14" model="op.subject">
            <field name="code">MS-14</field>
            <field name="name">Mechanics of Structure</field>
            <field name="type">theory</field>
            <field name="subject_type">elective</field>
            <field name="department_id" ref="openeducat_core.op_department_2"/>
        </record>
        <record id="openeducat_core.op_subject_15" model="op.subject">
            <field name="code">CT-15</field>
            <field name="name">Concrete Technology</field>
            <field name="type">theory</field>
            <field name="subject_type">compulsory</field>
            <field name="department_id" ref="openeducat_core.op_department_2"/>
        </record>
        <record id="openeducat_core.op_subject_16" model="op.subject">
            <field name="code">SA-16</field>
            <field name="name">Structural Analysis</field>
            <field name="type">theory</field>
            <field name="subject_type">compulsory</field>
            <field name="department_id" ref="openeducat_core.op_department_2"/>
        </record>
        <record id="openeducat_core.op_subject_17" model="op.subject">
            <field name="code">TH-17</field>
            <field name="name">Thermodynamics</field>
            <field name="type">theory</field>
            <field name="subject_type">compulsory</field>
            <field name="department_id" ref="openeducat_core.op_department_2"/>
        </record>
        <record id="openeducat_core.op_subject_18" model="op.subject">
            <field name="code">FM-18</field>
            <field name="name">Fluid Mechanics</field>
            <field name="type">theory</field>
            <field name="subject_type">compulsory</field>
            <field name="department_id" ref="openeducat_core.op_department_2"/>
        </record>
        <record id="openeducat_core.op_subject_19" model="op.subject">
            <field name="code">IC-19</field>
            <field name="name">Industrial Chemistry</field>
            <field name="type">theory</field>
            <field name="subject_type">compulsory</field>
            <field name="department_id" ref="openeducat_core.op_department_2"/>
        </record>
        <record id="openeducat_core.op_subject_20" model="op.subject">
            <field name="code">EM-20</field>
            <field name="name">Environmental Management</field>
            <field name="type">theory</field>
            <field name="subject_type">elective</field>
            <field name="department_id" ref="openeducat_core.op_department_2"/>
        </record>
        <record id="openeducat_core.op_subject_21" model="op.subject">
            <field name="code">MP-21</field>
            <field name="name">Marketing Principles</field>
            <field name="type">theory</field>
            <field name="subject_type">compulsory</field>
            <field name="department_id" ref="openeducat_core.op_department_4"/>

        </record>
        <record id="openeducat_core.op_subject_22" model="op.subject">
            <field name="code">BE-22</field>
            <field name="name">Business Economics</field>
            <field name="type">theory</field>
            <field name="subject_type">compulsory</field>
            <field name="department_id" ref="openeducat_core.op_department_4"/>

        </record>
        <record id="openeducat_core.op_subject_23" model="op.subject">
            <field name="code">HRM-23</field>
            <field name="name">Human Resource Management</field>
            <field name="type">theory</field>
            <field name="subject_type">compulsory</field>
            <field name="department_id" ref="openeducat_core.op_department_4"/>
        </record>
        <record id="openeducat_core.op_subject_24" model="op.subject">
            <field name="code">EPS-24</field>
            <field name="name">Entrepreneurship</field>
            <field name="type">theory</field>
            <field name="subject_type">compulsory</field>
            <field name="department_id" ref="openeducat_core.op_department_4"/>
        </record>
        <record id="openeducat_core.op_subject_25" model="op.subject">
            <field name="code">FA-25</field>
            <field name="name">Finance and Accounting</field>
            <field name="type">theory</field>
            <field name="subject_type">compulsory</field>
            <field name="department_id" ref="openeducat_core.op_department_4"/>
        </record>
        <record id="openeducat_core.op_subject_26" model="op.subject">
            <field name="code">DM-26</field>
            <field name="name">Digital Marketing</field>
            <field name="type">theory</field>
            <field name="subject_type">compulsory</field>
            <field name="department_id" ref="openeducat_core.op_department_4"/>
        </record>
        <record id="openeducat_core.op_subject_27" model="op.subject">
            <field name="code">BA-27</field>
            <field name="name">Business Analytics</field>
            <field name="type">theory</field>
            <field name="subject_type">compulsory</field>
            <field name="department_id" ref="openeducat_core.op_department_4"/>
        </record>
        <record id="openeducat_core.op_subject_28" model="op.subject">
            <field name="code">TT-28</field>
            <field name="name">Travel and Tourism</field>
            <field name="type">theory</field>
            <field name="subject_type">elective</field>
            <field name="department_id" ref="openeducat_core.op_department_4"/>
        </record>
        <record id="openeducat_core.op_subject_29" model="op.subject">
            <field name="code">FM-29</field>
            <field name="name">Financial Management</field>
            <field name="type">theory</field>
            <field name="subject_type">compulsory</field>
            <field name="department_id" ref="openeducat_core.op_department_4"/>
        </record>
        <record id="openeducat_core.op_subject_30" model="op.subject">
            <field name="code">OM-30</field>
            <field name="name">Operations Management</field>
            <field name="type">theory</field>
            <field name="subject_type">compulsory</field>
            <field name="department_id" ref="openeducat_core.op_department_4"/>
        </record>
        <record id="openeducat_core.op_subject_31" model="op.subject">
            <field name="code">DT-31</field>
            <field name="name">Digital Transformation</field>
            <field name="type">theory</field>
            <field name="subject_type">elective</field>
            <field name="department_id" ref="openeducat_core.op_department_4"/>
        </record>
        <record id="openeducat_core.op_subject_32" model="op.subject">
            <field name="code">HRM-32</field>
            <field name="name">Human Resources Management</field>
            <field name="type">theory</field>
            <field name="subject_type">compulsory</field>
            <field name="department_id" ref="openeducat_core.op_department_4"/>
        </record>
        <record id="openeducat_core.op_subject_33" model="op.subject">
            <field name="code">AIML-33</field>
            <field name="name">Introduction to AI and ML</field>
            <field name="type">theory</field>
            <field name="subject_type">compulsory</field>
            <field name="department_id" ref="openeducat_core.op_department_2"/>
        </record>
        <record id="openeducat_core.op_subject_34" model="op.subject">
            <field name="code">DA-34</field>
            <field name="name">Data Acquisition</field>
            <field name="type">theory</field>
            <field name="subject_type">compulsory</field>
            <field name="department_id" ref="openeducat_core.op_department_2"/>
        </record>
        <record id="openeducat_core.op_subject_35" model="op.subject">
            <field name="code">DS-35</field>
            <field name="name">Data Structures</field>
            <field name="type">theory</field>
            <field name="subject_type">compulsory</field>
            <field name="department_id" ref="openeducat_core.op_department_2"/>
        </record>
        <record id="openeducat_core.op_subject_36" model="op.subject">
            <field name="code">ST-36</field>
            <field name="name">Statistics</field>
            <field name="type">theory</field>
            <field name="subject_type">elective</field>
            <field name="department_id" ref="openeducat_core.op_department_2"/>
        </record>
        <record id="openeducat_core.op_subject_37" model="op.subject">
            <field name="code">AF-37</field>
            <field name="name">Analytics Foundation</field>
            <field name="type">theory</field>
            <field name="subject_type">compulsory</field>
            <field name="department_id" ref="openeducat_core.op_department_2"/>
        </record>
        <record id="openeducat_core.op_subject_38" model="op.subject">
            <field name="code">AF-38</field>
            <field name="name">Tableau Training</field>
            <field name="type">theory</field>
            <field name="subject_type">elective</field>
            <field name="department_id" ref="openeducat_core.op_department_2"/>
        </record>
        <record id="openeducat_core.op_subject_39" model="op.subject">
            <field name="code">DVT-39</field>
            <field name="name">Data Visualization Techniques</field>
            <field name="type">theory</field>
            <field name="subject_type">compulsory</field>
            <field name="department_id" ref="openeducat_core.op_department_2"/>
        </record>
        <record id="openeducat_core.op_subject_40" model="op.subject">
            <field name="code">RP-40</field>
            <field name="name">R Programming</field>
            <field name="type">theory</field>
            <field name="subject_type">compulsory</field>
            <field name="department_id" ref="openeducat_core.op_department_2"/>
        </record>
        <record id="openeducat_core.op_subject_41" model="op.subject">
            <field name="code">PB-61</field>
            <field name="name">Plant Breeding</field>
            <field name="type">theory</field>
            <field name="subject_type">compulsory</field>
            <field name="department_id" ref="openeducat_core.op_department_2"/>
        </record>
        <record id="openeducat_core.op_subject_42" model="op.subject">
            <field name="code">SS-62</field>
            <field name="name">Soil Science</field>
            <field name="type">theory</field>
            <field name="subject_type">compulsory</field>
            <field name="department_id" ref="openeducat_core.op_department_2"/>
        </record>
         <record id="openeducat_core.op_subject_43" model="op.subject">
            <field name="code">FA-59</field>
            <field name="name">Functional Anatomy</field>
            <field name="type">theory</field>
            <field name="subject_type">compulsory</field>
            <field name="department_id" ref="openeducat_core.op_department_2"/>
        </record>
        <record id="openeducat_core.op_subject_44" model="op.subject">
            <field name="code">RB-60</field>
            <field name="name">Radiation Biophysics</field>
            <field name="type">theory</field>
            <field name="subject_type">compulsory</field>
            <field name="department_id" ref="openeducat_core.op_department_2"/>
        </record>
        <record id="openeducat_core.op_subject_45" model="op.subject">
            <field name="code">ETB-56</field>
            <field name="name">Ethnobotany</field>
            <field name="type">theory</field>
            <field name="subject_type">compulsory</field>
            <field name="department_id" ref="openeducat_core.op_department_2"/>
        </record>
        <record id="openeducat_core.op_subject_46" model="op.subject">
            <field name="code">FE-57</field>
            <field name="name">Forest Ecology</field>
            <field name="type">theory</field>
            <field name="subject_type">compulsory</field>
            <field name="department_id" ref="openeducat_core.op_department_2"/>
        </record>
        <record id="openeducat_core.op_subject_47" model="op.subject">
            <field name="code">ES-58</field>
            <field name="name">Environmental Science</field>
            <field name="type">theory</field>
            <field name="subject_type">elective</field>
            <field name="department_id" ref="openeducat_core.op_department_3"/>
        </record>
        <record id="openeducat_core.op_subject_48" model="op.subject">
            <field name="code">AT-47</field>
            <field name="name">Anatomy</field>
            <field name="type">theory</field>
            <field name="subject_type">compulsory</field>
            <field name="department_id" ref="openeducat_core.op_department_3"/>
        </record>
        <record id="openeducat_core.op_subject_49" model="op.subject">
            <field name="code">MB-48</field>
            <field name="name">Microbiology</field>
            <field name="type">theory</field>
            <field name="subject_type">compulsory</field>
            <field name="department_id" ref="openeducat_core.op_department_3"/>
        </record>
        <record id="openeducat_core.op_subject_50" model="op.subject">
            <field name="code">PTH-49</field>
            <field name="name">Pathology</field>
            <field name="type">theory</field>
            <field name="subject_type">compulsory</field>
            <field name="department_id" ref="openeducat_core.op_department_3"/>
        </record>
        <record id="openeducat_core.op_subject_51" model="op.subject">
            <field name="code">PHY-50</field>
            <field name="name">Physiology</field>
            <field name="type">theory</field>
            <field name="subject_type">elective</field>
            <field name="department_id" ref="openeducat_core.op_department_3"/>
        </record>
        <record id="openeducat_core.op_subject_52" model="op.subject">
            <field name="code">KN-51</field>
            <field name="name">Kinesiology</field>
            <field name="type">theory</field>
            <field name="subject_type">compulsory</field>
            <field name="department_id" ref="openeducat_core.op_department_3"/>
        </record>
        <record id="openeducat_core.op_subject_53" model="op.subject">
            <field name="code">ORTH-52</field>
            <field name="name">Orthopaedics</field>
            <field name="type">theory</field>
            <field name="subject_type">compulsory</field>
            <field name="department_id" ref="openeducat_core.op_department_3"/>
        </record>
        <record id="openeducat_core.op_subject_54" model="op.subject">
            <field name="code">PDT-53</field>
            <field name="name">Periodontology</field>
            <field name="type">theory</field>
            <field name="subject_type">compulsory</field>
            <field name="department_id" ref="openeducat_core.op_department_3"/>
        </record>
        <record id="openeducat_core.op_subject_55" model="op.subject">
            <field name="code">OP-54</field>
            <field name="name">Oral Pathology</field>
            <field name="type">theory</field>
            <field name="subject_type">compulsory</field>
            <field name="department_id" ref="openeducat_core.op_department_3"/>
        </record>
        <record id="openeducat_core.op_subject_56" model="op.subject">
            <field name="code">CD-55</field>
            <field name="name">Conservative Dentistry</field>
            <field name="type">theory</field>
            <field name="subject_type">compulsory</field>
            <field name="department_id" ref="openeducat_core.op_department_3"/>
        </record>
        <record id="openeducat_core.op_subject_57" model="op.subject">
            <field name="code">GG-41</field>
            <field name="name">Geography</field>
            <field name="type">theory</field>
            <field name="subject_type">compulsory</field>
            <field name="department_id" ref="openeducat_core.op_department_2"/>
        </record>
        <record id="openeducat_core.op_subject_58" model="op.subject">
            <field name="code">HI-42</field>
            <field name="name">History</field>
            <field name="type">theory</field>
            <field name="subject_type">compulsory</field>
             <field name="department_id" ref="openeducat_core.op_department_2"/>
        </record>
        <record id="openeducat_core.op_subject_59" model="op.subject">
            <field name="code">CV-43</field>
            <field name="name">CIVICS</field>
            <field name="type">theory</field>
            <field name="subject_type">compulsory</field>
             <field name="department_id" ref="openeducat_core.op_department_2"/>
        </record>
        <record id="openeducat_core.op_subject_60" model="op.subject">
            <field name="code">MT-44</field>
            <field name="name">Maths</field>
            <field name="type">theory</field>
            <field name="subject_type">compulsory</field>
            <field name="department_id" ref="openeducat_core.op_department_2"/>
        </record>
        <record id="openeducat_core.op_subject_61" model="op.subject">
            <field name="code">PH-45</field>
            <field name="name">Physics</field>
            <field name="type">theory</field>
            <field name="subject_type">compulsory</field>
            <field name="department_id" ref="openeducat_core.op_department_2"/>
        </record>
        <record id="openeducat_core.op_subject_62" model="op.subject">
            <field name="code">CH-46</field>
            <field name="name">Chemistry</field>
            <field name="type">theory</field>
            <field name="subject_type">compulsory</field>
            <field name="department_id" ref="openeducat_core.op_department_2"/>
        </record>
        <record id="openeducat_core.op_subject_63" model="op.subject">
            <field name="code">DA-63</field>
            <field name="name">Dance</field>
            <field name="type">theory</field>
            <field name="subject_type">compulsory</field>
            <field name="department_id" ref="openeducat_core.op_department_2"/>
        </record>
        <record id="openeducat_core.op_subject_64" model="op.subject">
            <field name="code">MS-64</field>
            <field name="name">Music</field>
            <field name="type">theory</field>
            <field name="subject_type">compulsory</field>
            <field name="department_id" ref="openeducat_core.op_department_2"/>
        </record>
        <record id="openeducat_core.op_subject_65" model="op.subject">
            <field name="code">ART-65</field>
            <field name="name">Art</field>
            <field name="type">theory</field>
            <field name="subject_type">compulsory</field>
            <field name="department_id" ref="openeducat_core.op_department_2"/>
        </record>
        <record id="openeducat_core.op_subject_66" model="op.subject">
            <field name="code">AL-66</field>
            <field name="name">Algebra</field>
            <field name="type">theory</field>
            <field name="subject_type">compulsory</field>
            <field name="department_id" ref="openeducat_core.op_department_2"/>
        </record>
        <record id="openeducat_core.op_subject_67" model="op.subject">
            <field name="code">GEO-67</field>
            <field name="name">Geometry</field>
            <field name="type">theory</field>
            <field name="subject_type">compulsory</field>
            <field name="department_id" ref="openeducat_core.op_department_2"/>
        </record>
        <record id="openeducat_core.op_subject_68" model="op.subject">
            <field name="code">PS-68</field>
            <field name="name">Probability and Statistics</field>
            <field name="type">theory</field>
            <field name="subject_type">compulsory</field>
            <field name="department_id" ref="openeducat_core.op_department_2"/>
        </record>
         <record id="openeducat_core.op_subject_69" model="op.subject">
            <field name="code">PS-69</field>
            <field name="name">Banking Law and Regulation</field>
            <field name="type">theory</field>
            <field name="subject_type">compulsory</field>
            <field name="department_id" ref="openeducat_core.op_department_1"/>
        </record>
         <record id="openeducat_core.op_subject_70" model="op.subject">
            <field name="code">PS-70</field>
            <field name="name">Consumer Financial Protection Law</field>
            <field name="type">theory</field>
            <field name="subject_type">compulsory</field>
            <field name="department_id" ref="openeducat_core.op_department_1"/>
        </record>
         <record id="openeducat_core.op_subject_71" model="op.subject">
            <field name="code">PS-71</field>
            <field name="name">Health Insurance Law</field>
            <field name="type">theory</field>
            <field name="subject_type">compulsory</field>
            <field name="department_id" ref="openeducat_core.op_department_1"/>
        </record>
         <record id="openeducat_core.op_subject_72" model="op.subject">
            <field name="code">PS-72</field>
            <field name="name">Public Health Law</field>
            <field name="type">theory</field>
            <field name="subject_type">compulsory</field>
            <field name="department_id" ref="openeducat_core.op_department_1"/>
        </record>
        <record id="openeducat_core.op_subject_73" model="op.subject">
            <field name="code">PS-73</field>
            <field name="name">Liability and Risk Management in Sports</field>
            <field name="type">theory</field>
            <field name="subject_type">compulsory</field>
            <field name="department_id" ref="openeducat_core.op_department_1"/>
        </record>
        <record id="openeducat_core.op_subject_74" model="op.subject">
            <field name="code">PS-74</field>
            <field name="name">Regulatory Framework of Sports Organizations</field>
            <field name="type">theory</field>
            <field name="subject_type">compulsory</field>
            <field name="department_id" ref="openeducat_core.op_department_1"/>
        </record>
    </data>
</odoo>
